ID,Name,Description,ColumnSpec,Source,Target,Word_Count,Language_Count,Family_Count
sky-colexifies-uporabove,,,,SKY,UP OR ABOVE,,3,1
sky-colexifies-cloud,,,,SKY,CLOUD,,1,1
sky-colexifies-mountain,,,,SKY,MOUNTAIN,,1,1
sky-colexifies-hill,,,,SKY,HILL,,1,1
sky-colexifies-anthill,,,,SKY,ANTHILL,,1,1
sky-colexifies-leg,,,,SKY,LEG,,2,1
sky-colexifies-daynotnight,,,,SKY,DAY (NOT NIGHT),,2,1
sky-colexifies-sun,,,,SKY,SUN,,3,1
bean-colexifies-chickenclassifier,,,,BEAN,CHICKEN (CLASSIFIER),,1,1
bean-colexifies-first,,,,BEAN,FIRST,,2,1
bean-colexifies-this,,,,BEAN,THIS,,2,1
bean-colexifies-layverb,,,,BEAN,LAY (VERB),,1,1
pumpkin-colexifies-shout,,,,PUMPKIN,SHOUT,,1,1
vegetables-colexifies-preparedfood,,,,VEGETABLES,PREPARED FOOD,,6,1
pepper-colexifies-comb,,,,PEPPER,COMB,,1,1
peach-colexifies-steal,,,,PEACH,STEAL,,3,1
peach-colexifies-lightignite,,,,PEACH,LIGHT (IGNITE),,1,1
grass-colexifies-stirfry,,,,GRASS,STIR FRY,,7,1
grass-colexifies-early,,,,GRASS,EARLY,,1,1
stirfry-colexifies-early,,,,STIR FRY,EARLY,,1,1
mushroom-colexifies-first,,,,MUSHROOM,FIRST,,1,1
seed-colexifies-alcoholfermenteddrink,,,,SEED,ALCOHOL (FERMENTED DRINK),,4,1
seed-colexifies-heavy,,,,SEED,HEAVY,,4,1
seed-colexifies-cooksomething,,,,SEED,COOK (SOMETHING),,2,1
seed-colexifies-column,,,,SEED,COLUMN,,1,1
seed-colexifies-grain,,,,SEED,GRAIN,,1,1
seed-colexifies-sperm,,,,SEED,SPERM,,1,1
seed-colexifies-bow,,,,SEED,BOW,,2,1
alcoholfermenteddrink-colexifies-heavy,,,,ALCOHOL (FERMENTED DRINK),HEAVY,,3,1
alcoholfermenteddrink-colexifies-son,,,,ALCOHOL (FERMENTED DRINK),SON,,2,1
alcoholfermenteddrink-colexifies-market,,,,ALCOHOL (FERMENTED DRINK),MARKET,,3,1
alcoholfermenteddrink-colexifies-paper,,,,ALCOHOL (FERMENTED DRINK),PAPER,,3,1
alcoholfermenteddrink-colexifies-knifeclassifier,,,,ALCOHOL (FERMENTED DRINK),KNIFE (CLASSIFIER),,2,1
heavy-colexifies-cooksomething,,,,HEAVY,COOK (SOMETHING),,3,1
heavy-colexifies-goupascend,,,,HEAVY,GO UP (ASCEND),,1,1
heavy-colexifies-red,,,,HEAVY,RED,,1,1
root-colexifies-clan,,,,ROOT,CLAN,,1,1
root-colexifies-blood,,,,ROOT,BLOOD,,1,1
root-colexifies-string,,,,ROOT,STRING,,1,1
root-colexifies-beloworunder,,,,ROOT,BELOW OR UNDER,,1,1
root-colexifies-smokeexhaust,,,,ROOT,SMOKE (EXHAUST),,1,1
root-colexifies-name,,,,ROOT,NAME,,1,1
root-colexifies-tie,,,,ROOT,TIE,,1,1
root-colexifies-vein,,,,ROOT,VEIN,,1,1
leaf-colexifies-cloth,,,,LEAF,CLOTH,,3,1
leaf-colexifies-cut,,,,LEAF,CUT,,1,1
leaf-colexifies-medicine,,,,LEAF,MEDICINE,,1,1
leaf-colexifies-tree,,,,LEAF,TREE,,1,1
leaf-colexifies-branch,,,,LEAF,BRANCH,,1,1
cloth-colexifies-clothes,,,,CLOTH,CLOTHES,,1,1
sproutshoot-colexifies-shoe,,,,SPROUT (SHOOT),SHOE,,4,1
sproutshoot-colexifies-go,,,,SPROUT (SHOOT),GO,,3,1
sproutshoot-colexifies-sproutverb,,,,SPROUT (SHOOT),SPROUT (VERB),,1,1
sproutshoot-colexifies-shave,,,,SPROUT (SHOOT),SHAVE,,1,1
sproutshoot-colexifies-useverb,,,,SPROUT (SHOOT),USE (VERB),,1,1
sproutshoot-colexifies-cloud,,,,SPROUT (SHOOT),CLOUD,,1,1
shoe-colexifies-go,,,,SHOE,GO,,2,1
go-colexifies-sproutverb,,,,GO,SPROUT (VERB),,1,1
go-colexifies-come,,,,GO,COME,,1,1
go-colexifies-leave,,,,GO,LEAVE,,3,1
go-colexifies-walk,,,,GO,WALK,,1,1
flower-colexifies-red,,,,FLOWER,RED,,2,1
flower-colexifies-peel,,,,FLOWER,PEEL,,1,1
flower-colexifies-arrow,,,,FLOWER,ARROW,,1,1
fruit-colexifies-grainclassifier,,,,FRUIT,GRAIN (CLASSIFIER),,4,1
fruit-colexifies-snake,,,,FRUIT,SNAKE,,1,1
fruit-colexifies-cry,,,,FRUIT,CRY,,1,1
fruit-colexifies-dog,,,,FRUIT,DOG,,1,1
fruit-colexifies-ten,,,,FRUIT,TEN,,1,1
grainclassifier-colexifies-snake,,,,GRAIN (CLASSIFIER),SNAKE,,1,1
grainclassifier-colexifies-cry,,,,GRAIN (CLASSIFIER),CRY,,1,1
grainclassifier-colexifies-dog,,,,GRAIN (CLASSIFIER),DOG,,1,1
snake-colexifies-become,,,,SNAKE,BECOME,,1,1
snake-colexifies-neck,,,,SNAKE,NECK,,1,1
frost-colexifies-hangup,,,,FROST,HANG UP,,4,1
stoneoffruit-colexifies-eagle,,,,STONE (OF FRUIT),EAGLE,,7,1
stoneoffruit-colexifies-crow,,,,STONE (OF FRUIT),CROW,,1,1
peel-colexifies-bowlclassifier,,,,PEEL,BOWL (CLASSIFIER),,7,1
peel-colexifies-shave,,,,PEEL,SHAVE,,1,1
thorn-colexifies-steal,,,,THORN,STEAL,,1,1
thorn-colexifies-hot,,,,THORN,HOT,,1,1
body-colexifies-two,,,,BODY,TWO,,4,1
body-colexifies-hunter,,,,BODY,HUNTER,,1,1
head-colexifies-sharp,,,,HEAD,SHARP,,1,1
hairhead-colexifies-blood,,,,HAIR (HEAD),BLOOD,,1,1
face-colexifies-knife,,,,FACE,KNIFE,,1,1
face-colexifies-give,,,,FACE,GIVE,,1,1
face-colexifies-eye,,,,FACE,EYE,,1,1
face-colexifies-infrontof,,,,FACE,IN FRONT OF,,1,1
face-colexifies-cow,,,,FACE,COW,,1,1
eye-colexifies-thinkreflect,,,,EYE,THINK (REFLECT),,1,1
eye-colexifies-thinkbelieve,,,,EYE,THINK (BELIEVE),,1,1
eye-colexifies-name,,,,EYE,NAME,,2,1
nose-colexifies-chest,,,,NOSE,CHEST,,1,1
nose-colexifies-knife,,,,NOSE,KNIFE,,1,1
nose-colexifies-name,,,,NOSE,NAME,,1,1
nose-colexifies-hoe,,,,NOSE,HOE,,1,1
fog-colexifies-cloud,,,,FOG,CLOUD,,1,1
mouth-colexifies-lip,,,,MOUTH,LIP,,3,1
mouth-colexifies-drink,,,,MOUTH,DRINK,,3,1
mouth-colexifies-jaw,,,,MOUTH,JAW,,1,1
mouth-colexifies-chicken,,,,MOUTH,CHICKEN,,1,1
tooth-colexifies-meat,,,,TOOTH,MEAT,,1,1
tongue-colexifies-breakcleave,,,,TONGUE,BREAK (CLEAVE),,1,1
beard-colexifies-yellow,,,,BEARD,YELLOW,,1,1
neck-colexifies-napeofneck,,,,NECK,NAPE (OF NECK),,1,1
neck-colexifies-voice,,,,NECK,VOICE,,1,1
hand-colexifies-muroidmouseorrat,,,,HAND,MUROID (MOUSE OR RAT),,1,1
hand-colexifies-mountain,,,,HAND,MOUNTAIN,,1,1
finger-colexifies-outside,,,,FINGER,OUTSIDE,,1,1
finger-colexifies-spreadout,,,,FINGER,SPREAD OUT,,1,1
fingernail-colexifies-hunger,,,,FINGERNAIL,HUNGER,,1,1
fingernail-colexifies-childdescendant,,,,FINGERNAIL,CHILD (DESCENDANT),,1,1
fingernail-colexifies-childyounghuman,,,,FINGERNAIL,CHILD (YOUNG HUMAN),,1,1
breast-colexifies-axeclassifier,,,,BREAST,AXE (CLASSIFIER),,1,1
breast-colexifies-bright,,,,BREAST,BRIGHT,,1,1
breast-colexifies-white,,,,BREAST,WHITE,,1,1
breast-colexifies-milk,,,,BREAST,MILK,,6,1
breast-colexifies-spot,,,,BREAST,SPOT,,1,1
breast-colexifies-thou,,,,BREAST,THOU,,1,1
breast-colexifies-infrontof,,,,BREAST,IN FRONT OF,,1,1
belly-colexifies-pen,,,,BELLY,PEN,,5,1
belly-colexifies-six,,,,BELLY,SIX,,7,1
pen-colexifies-six,,,,PEN,SIX,,5,1
pen-colexifies-plantsomething,,,,PEN,PLANT (SOMETHING),,1,1
six-colexifies-five,,,,SIX,FIVE,,1,1
six-colexifies-spider,,,,SIX,SPIDER,,1,1
six-colexifies-star,,,,SIX,STAR,,1,1
water-colexifies-well,,,,WATER,WELL,,1,1
water-colexifies-river,,,,WATER,RIVER,,2,2
water-colexifies-cooksomething,,,,WATER,COOK (SOMETHING),,1,1
foot-colexifies-oldused,,,,FOOT,OLD (USED),,1,1
knee-colexifies-voice,,,,KNEE,VOICE,,1,1
knee-colexifies-bed,,,,KNEE,BED,,1,1
bone-colexifies-spine,,,,BONE,SPINE,,1,1
bone-colexifies-jealousy,,,,BONE,JEALOUSY,,1,1
bone-colexifies-die,,,,BONE,DIE,,1,1
blood-colexifies-year,,,,BLOOD,YEAR,,8,1
blood-colexifies-tell,,,,BLOOD,TELL,,1,1
blood-colexifies-refuse,,,,BLOOD,REFUSE,,1,1
blood-colexifies-tail,,,,BLOOD,TAIL,,1,1
blood-colexifies-gold,,,,BLOOD,GOLD,,1,1
year-colexifies-tell,,,,YEAR,TELL,,1,1
kidney-colexifies-knifeclassifier,,,,KIDNEY,KNIFE (CLASSIFIER),,1,1
kidney-colexifies-bladder,,,,KIDNEY,BLADDER,,1,1
kidney-colexifies-urine,,,,KIDNEY,URINE,,1,1
intestines-colexifies-bed,,,,INTESTINES,BED,,3,1
intestines-colexifies-hideconceal,,,,INTESTINES,HIDE (CONCEAL),,4,1
intestines-colexifies-hideoneself,,,,INTESTINES,HIDE (ONESELF),,4,1
intestines-colexifies-long,,,,INTESTINES,LONG,,3,1
intestines-colexifies-tea,,,,INTESTINES,TEA,,2,1
intestines-colexifies-buy,,,,INTESTINES,BUY,,1,1
bed-colexifies-hideconceal,,,,BED,HIDE (CONCEAL),,3,1
bed-colexifies-hideoneself,,,,BED,HIDE (ONESELF),,3,1
bed-colexifies-long,,,,BED,LONG,,2,1
bed-colexifies-egg,,,,BED,EGG,,1,1
bed-colexifies-shamanfolkhealer,,,,BED,SHAMAN (FOLK HEALER),,1,1
hideconceal-colexifies-hideoneself,,,,HIDE (CONCEAL),HIDE (ONESELF),,19,2
hideconceal-colexifies-long,,,,HIDE (CONCEAL),LONG,,5,1
hideoneself-colexifies-long,,,,HIDE (ONESELF),LONG,,5,1
heart-colexifies-firewood,,,,HEART,FIREWOOD,,7,1
heart-colexifies-new,,,,HEART,NEW,,9,1
firewood-colexifies-new,,,,FIREWOOD,NEW,,7,1
firewood-colexifies-fire,,,,FIREWOOD,FIRE,,1,1
new-colexifies-burning,,,,NEW,BURNING,,1,1
flowingbodyofwater-colexifies-shout,,,,FLOWING BODY OF WATER,SHOUT,,1,1
liver-colexifies-teach,,,,LIVER,TEACH,,8,1
liver-colexifies-tall,,,,LIVER,TALL,,8,1
liver-colexifies-dry,,,,LIVER,DRY,,7,1
liver-colexifies-fatobese,,,,LIVER,FAT (OBESE),,1,1
liver-colexifies-river,,,,LIVER,RIVER,,1,1
teach-colexifies-tall,,,,TEACH,TALL,,9,1
teach-colexifies-dry,,,,TEACH,DRY,,8,1
teach-colexifies-tell,,,,TEACH,TELL,,1,1
tall-colexifies-dry,,,,TALL,DRY,,8,1
tall-colexifies-tell,,,,TALL,TELL,,1,1
dry-colexifies-tell,,,,DRY,TELL,,1,1
dry-colexifies-thinslim,,,,DRY,THIN (SLIM),,1,1
lung-colexifies-arrive,,,,LUNG,ARRIVE,,6,1
arrive-colexifies-come,,,,ARRIVE,COME,,3,2
arrive-colexifies-rotten,,,,ARRIVE,ROTTEN,,1,1
sweatperspire-colexifies-sweatsubstance,,,,SWEAT (PERSPIRE),SWEAT (SUBSTANCE),,18,2
sweatperspire-colexifies-rotten,,,,SWEAT (PERSPIRE),ROTTEN,,1,1
sweatsubstance-colexifies-rotten,,,,SWEAT (SUBSTANCE),ROTTEN,,1,1
faecesexcrement-colexifies-hemp,,,,FAECES (EXCREMENT),HEMP,,5,1
faecesexcrement-colexifies-dunganimalfaeces,,,,FAECES (EXCREMENT),DUNG (ANIMAL FAECES),,1,1
hemp-colexifies-hempcloth,,,,HEMP,HEMP CLOTH,,1,1
urine-colexifies-painful,,,,URINE,PAINFUL,,1,1
urine-colexifies-bladder,,,,URINE,BLADDER,,2,1
urine-colexifies-piss,,,,URINE,PISS,,1,1
person-colexifies-placeposition,,,,PERSON,PLACE (POSITION),,1,1
person-colexifies-maleperson,,,,PERSON,MALE PERSON,,1,1
oldperson-colexifies-husband,,,,OLD PERSON,HUSBAND,,1,1
oldperson-colexifies-cheek,,,,OLD PERSON,CHEEK,,1,1
childdescendant-colexifies-childyounghuman,,,,CHILD (DESCENDANT),CHILD (YOUNG HUMAN),,10,1
childdescendant-colexifies-cry,,,,CHILD (DESCENDANT),CRY,,1,1
lake-colexifies-buckwheat,,,,LAKE,BUCKWHEAT,,1,1
lake-colexifies-pond,,,,LAKE,POND,,1,1
lake-colexifies-love,,,,LAKE,LOVE,,2,1
lake-colexifies-wildrice,,,,LAKE,WILD RICE,,1,1
lake-colexifies-well,,,,LAKE,WELL,,1,1
lake-colexifies-calfofleg,,,,LAKE,CALF OF LEG,,1,1
lake-colexifies-river,,,,LAKE,RIVER,,1,1
grandfather-colexifies-grandmother,,,,GRANDFATHER,GRANDMOTHER,,3,1
grandfather-colexifies-spirit,,,,GRANDFATHER,SPIRIT,,1,1
grandfather-colexifies-meat,,,,GRANDFATHER,MEAT,,1,1
grandmother-colexifies-meat,,,,GRANDMOTHER,MEAT,,1,1
wife-colexifies-three,,,,WIFE,THREE,,1,1
son-colexifies-market,,,,SON,MARKET,,5,1
son-colexifies-paper,,,,SON,PAPER,,6,1
son-colexifies-knifeclassifier,,,,SON,KNIFE (CLASSIFIER),,6,1
son-colexifies-be,,,,SON,BE,,2,1
son-colexifies-kneel,,,,SON,KNEEL,,1,1
son-colexifies-nine,,,,SON,NINE,,1,1
son-colexifies-duck,,,,SON,DUCK,,1,1
market-colexifies-paper,,,,MARKET,PAPER,,6,1
market-colexifies-knifeclassifier,,,,MARKET,KNIFE (CLASSIFIER),,4,1
market-colexifies-be,,,,MARKET,BE,,1,1
paper-colexifies-knifeclassifier,,,,PAPER,KNIFE (CLASSIFIER),,5,1
paper-colexifies-be,,,,PAPER,BE,,1,1
knifeclassifier-colexifies-be,,,,KNIFE (CLASSIFIER),BE,,1,1
knifeclassifier-colexifies-kneel,,,,KNIFE (CLASSIFIER),KNEEL,,1,1
knifeclassifier-colexifies-nine,,,,KNIFE (CLASSIFIER),NINE,,1,1
knifeclassifier-colexifies-thereisorthereare,,,,KNIFE (CLASSIFIER),THERE IS OR THERE ARE,,1,1
daughter-colexifies-green,,,,DAUGHTER,GREEN,,1,1
house-colexifies-dryinsun,,,,HOUSE,DRY IN SUN,,3,1
village-colexifies-eat,,,,VILLAGE,EAT,,6,1
village-colexifies-voice,,,,VILLAGE,VOICE,,1,1
village-colexifies-spear,,,,VILLAGE,SPEAR,,1,1
eat-colexifies-right,,,,EAT,RIGHT,,1,1
road-colexifies-path,,,,ROAD,PATH,,1,1
bridge-colexifies-bottle,,,,BRIDGE,BOTTLE,,4,1
bridge-colexifies-story,,,,BRIDGE,STORY,,1,1
bridge-colexifies-wildrice,,,,BRIDGE,WILD RICE,,1,1
column-colexifies-thereisorthereare,,,,COLUMN,THERE IS OR THERE ARE,,4,1
column-colexifies-weave,,,,COLUMN,WEAVE,,1,1
thereisorthereare-colexifies-weave,,,,THERE IS OR THERE ARE,WEAVE,,1,1
door-colexifies-crowverb,,,,DOOR,CROW (VERB),,1,1
clothes-colexifies-skin,,,,CLOTHES,SKIN,,1,1
strawsandal-colexifies-smallbowl,,,,STRAW SANDAL,SMALL BOWL,,2,1
strawsandal-colexifies-cost,,,,STRAW SANDAL,COST,,5,1
strawsandal-colexifies-cutwithscissors,,,,STRAW SANDAL,CUT (WITH SCISSORS),,4,1
smallbowl-colexifies-cost,,,,SMALL BOWL,COST,,2,1
smallbowl-colexifies-cutwithscissors,,,,SMALL BOWL,CUT (WITH SCISSORS),,1,1
smallbowl-colexifies-see,,,,SMALL BOWL,SEE,,2,1
cost-colexifies-cutwithscissors,,,,COST,CUT (WITH SCISSORS),,4,1
field-colexifies-send,,,,FIELD,SEND,,1,1
field-colexifies-termite,,,,FIELD,TERMITE,,1,1
field-colexifies-wind,,,,FIELD,WIND,,1,1
hempcloth-colexifies-thinofshapeofobject,,,,HEMP CLOTH,THIN (OF SHAPE OF OBJECT),,4,1
uncookedrice-colexifies-belate,,,,UNCOOKED RICE,BE LATE,,7,1
uncookedrice-colexifies-dog,,,,UNCOOKED RICE,DOG,,1,1
lunch-colexifies-midday,,,,LUNCH,MIDDAY,,2,1
fatfromanimals-colexifies-do,,,,FAT (FROM ANIMALS),DO,,1,1
fatfromanimals-colexifies-straight,,,,FAT (FROM ANIMALS),STRAIGHT,,3,1
fatfromanimals-colexifies-weave,,,,FAT (FROM ANIMALS),WEAVE,,1,1
fatfromanimals-colexifies-spit,,,,FAT (FROM ANIMALS),SPIT,,1,1
do-colexifies-straight,,,,DO,STRAIGHT,,1,1
do-colexifies-spit,,,,DO,SPIT,,1,1
do-colexifies-make,,,,DO,MAKE,,3,1
straight-colexifies-far,,,,STRAIGHT,FAR,,1,1
sun-colexifies-hot,,,,SUN,HOT,,1,1
sun-colexifies-daynotnight,,,,SUN,DAY (NOT NIGHT),,4,2
sun-colexifies-pig,,,,SUN,PIG,,1,1
sun-colexifies-sell,,,,SUN,SELL,,1,1
sun-colexifies-wet,,,,SUN,WET,,1,1
salt-colexifies-hyena,,,,SALT,HYENA,,1,1
salt-colexifies-moon,,,,SALT,MOON,,1,1
salt-colexifies-month,,,,SALT,MONTH,,1,1
meat-colexifies-animal,,,,MEAT,ANIMAL,,4,1
meat-colexifies-fish,,,,MEAT,FISH,,1,1
meat-colexifies-five,,,,MEAT,FIVE,,1,1
meat-colexifies-yesterday,,,,MEAT,YESTERDAY,,1,1
soup-colexifies-wet,,,,SOUP,WET,,1,1
soup-colexifies-raw,,,,SOUP,RAW,,6,1
tea-colexifies-long,,,,TEA,LONG,,3,1
long-colexifies-big,,,,LONG,BIG,,1,1
long-colexifies-far,,,,LONG,FAR,,1,1
knife-colexifies-get,,,,KNIFE,GET,,1,1
hoe-colexifies-bug,,,,HOE,BUG,,1,1
ploughinstrument-colexifies-many,,,,PLOUGH (INSTRUMENT),MANY,,1,1
mill-colexifies-feed,,,,MILL,FEED,,1,1
mill-colexifies-grind,,,,MILL,GRIND,,2,1
mill-colexifies-buddha,,,,MILL,BUDDHA,,1,1
sievetool-colexifies-tiger,,,,SIEVE (TOOL),TIGER,,1,1
bucket-colexifies-sproutverb,,,,BUCKET,SPROUT (VERB),,1,1
chopsticks-colexifies-bug,,,,CHOPSTICKS,BUG,,1,1
claypot-colexifies-deity,,,,CLAY POT,DEITY,,3,1
mountain-colexifies-combverb,,,,MOUNTAIN,COMB (VERB),,1,1
mountain-colexifies-laugh,,,,MOUNTAIN,LAUGH,,1,1
mountain-colexifies-muroidmouseorrat,,,,MOUNTAIN,MUROID (MOUSE OR RAT),,1,1
mountain-colexifies-hill,,,,MOUNTAIN,HILL,,10,1
mountain-colexifies-anthill,,,,MOUNTAIN,ANTHILL,,1,1
mountain-colexifies-leg,,,,MOUNTAIN,LEG,,1,1
mountain-colexifies-short,,,,MOUNTAIN,SHORT,,1,1
mountain-colexifies-wheat,,,,MOUNTAIN,WHEAT,,1,1
wok-colexifies-swell,,,,WOK,SWELL,,1,1
wok-colexifies-lightweight,,,,WOK,LIGHT (WEIGHT),,1,1
wok-colexifies-growup,,,,WOK,GROW UP,,1,1
stove-colexifies-chew,,,,STOVE,CHEW,,3,1
stove-colexifies-tell,,,,STOVE,TELL,,1,1
stove-colexifies-lock,,,,STOVE,LOCK,,1,1
chew-colexifies-tell,,,,CHEW,TELL,,1,1
chew-colexifies-lock,,,,CHEW,LOCK,,1,1
dunganimalfaeces-colexifies-spicy,,,,DUNG (ANIMAL FAECES),SPICY,,4,1
lock-colexifies-muroidmouseorrat,,,,LOCK,MUROID (MOUSE OR RAT),,1,1
lock-colexifies-sweep,,,,LOCK,SWEEP,,1,1
lock-colexifies-wolf,,,,LOCK,WOLF,,1,1
muroidmouseorrat-colexifies-goout,,,,MUROID (MOUSE OR RAT),GO OUT,,1,1
stone-colexifies-mosquito,,,,STONE,MOSQUITO,,1,1
folksong-colexifies-hornanatomy,,,,FOLK SONG,HORN (ANATOMY),,1,1
hornanatomy-colexifies-ghost,,,,HORN (ANATOMY),GHOST,,1,1
hornanatomy-colexifies-thick,,,,HORN (ANATOMY),THICK,,1,1
hornanatomy-colexifies-fireplace,,,,HORN (ANATOMY),FIREPLACE,,1,1
hornanatomy-colexifies-dispel,,,,HORN (ANATOMY),DISPEL,,1,1
hornanatomy-colexifies-stick,,,,HORN (ANATOMY),STICK,,1,1
story-colexifies-wildrice,,,,STORY,WILD RICE,,1,1
fire-colexifies-vomit,,,,FIRE,VOMIT,,1,1
fire-colexifies-some,,,,FIRE,SOME,,1,1
name-colexifies-black,,,,NAME,BLACK,,1,1
name-colexifies-fish,,,,NAME,FISH,,1,1
ghost-colexifies-thick,,,,GHOST,THICK,,1,1
ghost-colexifies-kneel,,,,GHOST,KNEEL,,1,1
buddha-colexifies-feed,,,,BUDDHA,FEED,,2,1
buddha-colexifies-grind,,,,BUDDHA,GRIND,,1,1
feed-colexifies-grind,,,,FEED,GRIND,,1,1
feed-colexifies-write,,,,FEED,WRITE,,1,1
strength-colexifies-seven,,,,STRENGTH,SEVEN,,2,1
infrontof-colexifies-milk,,,,IN FRONT OF,MILK,,1,1
money-colexifies-again,,,,MONEY,AGAIN,,1,1
money-colexifies-personclassifier,,,,MONEY,PERSON (CLASSIFIER),,1,1
money-colexifies-spicy,,,,MONEY,SPICY,,1,1
medicine-colexifies-shamanfolkhealer,,,,MEDICINE,SHAMAN (FOLK HEALER),,1,1
medicine-colexifies-string,,,,MEDICINE,STRING,,1,1
medicine-colexifies-tree,,,,MEDICINE,TREE,,3,1
medicine-colexifies-stick,,,,MEDICINE,STICK,,1,1
medicine-colexifies-burning,,,,MEDICINE,BURNING,,1,1
medicine-colexifies-count,,,,MEDICINE,COUNT,,1,1
medicine-colexifies-palmtree,,,,MEDICINE,PALM TREE,,1,1
look-colexifies-putouttopasture,,,,LOOK,PUT OUT TO PASTURE,,2,1
look-colexifies-lookfor,,,,LOOK,LOOK FOR,,2,1
look-colexifies-see,,,,LOOK,SEE,,1,1
putouttopasture-colexifies-givebirth,,,,PUT OUT TO PASTURE,GIVE BIRTH,,1,1
see-colexifies-must,,,,SEE,MUST,,1,1
see-colexifies-get,,,,SEE,GET,,1,1
listen-colexifies-blue,,,,LISTEN,BLUE,,5,1
listen-colexifies-hear,,,,LISTEN,HEAR,,1,1
blue-colexifies-askinquire,,,,BLUE,ASK (INQUIRE),,2,1
blue-colexifies-lightweight,,,,BLUE,LIGHT (WEIGHT),,1,1
blue-colexifies-all,,,,BLUE,ALL,,1,1
smellstink-colexifies-coarse,,,,SMELL (STINK),COARSE,,4,1
smellstink-colexifies-smellperceive,,,,SMELL (STINK),SMELL (PERCEIVE),,1,1
behind-colexifies-bite,,,,BEHIND,BITE,,1,1
behind-colexifies-buttocks,,,,BEHIND,BUTTOCKS,,1,1
behind-colexifies-back,,,,BEHIND,BACK,,1,1
drink-colexifies-afterwards,,,,DRINK,AFTERWARDS,,2,1
drink-colexifies-suck,,,,DRINK,SUCK,,1,1
bite-colexifies-sheep,,,,BITE,SHEEP,,1,1
spit-colexifies-swell,,,,SPIT,SWELL,,1,1
spit-colexifies-forest,,,,SPIT,FOREST,,1,1
spit-colexifies-termite,,,,SPIT,TERMITE,,1,1
spit-colexifies-vein,,,,SPIT,VEIN,,1,1
vomit-colexifies-kick,,,,VOMIT,KICK,,1,1
vomit-colexifies-tread,,,,VOMIT,TREAD,,1,1
vomit-colexifies-come,,,,VOMIT,COME,,1,1
vomit-colexifies-sleep,,,,VOMIT,SLEEP,,1,1
shout-colexifies-crowverb,,,,SHOUT,CROW (VERB),,1,1
shout-colexifies-cold,,,,SHOUT,COLD,,1,1
left-colexifies-hair,,,,LEFT,HAIR,,1,1
beat-colexifies-strike,,,,BEAT,STRIKE,,9,1
strike-colexifies-call,,,,STRIKE,CALL,,1,1
strike-colexifies-overcome,,,,STRIKE,OVERCOME,,1,1
pick-colexifies-slow,,,,PICK,SLOW,,1,1
twisttogether-colexifies-sweep,,,,TWIST (TOGETHER),SWEEP,,1,1
twisttogether-colexifies-wakeup,,,,TWIST (TOGETHER),WAKE UP,,1,1
twisttogether-colexifies-stinking,,,,TWIST (TOGETHER),STINKING,,1,1
pickup-colexifies-ten,,,,PICK UP,TEN,,7,1
scatterseeds-colexifies-plantsomething,,,,SCATTER (SEEDS),PLANT (SOMETHING),,1,1
pull-colexifies-pairclassifier,,,,PULL,PAIR (CLASSIFIER),,1,1
pull-colexifies-near,,,,PULL,NEAR,,1,1
pull-colexifies-organicfatoroil,,,,PULL,ORGANIC FAT OR OIL,,1,1
pull-colexifies-stretch,,,,PULL,STRETCH,,1,1
pull-colexifies-grow,,,,PULL,GROW,,1,1
push-colexifies-coarse,,,,PUSH,COARSE,,1,1
kneel-colexifies-love,,,,KNEEL,LOVE,,1,1
kneel-colexifies-wildrice,,,,KNEEL,WILD RICE,,1,1
kneel-colexifies-buckwheat,,,,KNEEL,BUCKWHEAT,,5,1
kneel-colexifies-nine,,,,KNEEL,NINE,,1,1
kneel-colexifies-ride,,,,KNEEL,RIDE,,1,1
kneel-colexifies-oldused,,,,KNEEL,OLD (USED),,1,1
kneel-colexifies-become,,,,KNEEL,BECOME,,1,1
kneel-colexifies-dwelllivereside,,,,KNEEL,"DWELL (LIVE, RESIDE)",,1,1
love-colexifies-wildrice,,,,LOVE,WILD RICE,,4,1
love-colexifies-buckwheat,,,,LOVE,BUCKWHEAT,,1,1
love-colexifies-rich,,,,LOVE,RICH,,1,1
love-colexifies-broodverb,,,,LOVE,BROOD (VERB),,1,1
wildrice-colexifies-buckwheat,,,,WILD RICE,BUCKWHEAT,,1,1
buckwheat-colexifies-ride,,,,BUCKWHEAT,RIDE,,1,1
buckwheat-colexifies-oldused,,,,BUCKWHEAT,OLD (USED),,1,1
right-colexifies-husband,,,,RIGHT,HUSBAND,,1,1
ride-colexifies-sell,,,,RIDE,SELL,,6,1
ride-colexifies-oldused,,,,RIDE,OLD (USED),,2,1
sell-colexifies-oldused,,,,SELL,OLD (USED),,1,1
sell-colexifies-hate,,,,SELL,HATE,,1,1
sell-colexifies-marryaswoman,,,,SELL,MARRY (AS WOMAN),,1,1
sell-colexifies-buy,,,,SELL,BUY,,1,1
sell-colexifies-wet,,,,SELL,WET,,1,1
walk-colexifies-come,,,,WALK,COME,,1,1
walk-colexifies-who,,,,WALK,WHO,,1,1
sit-colexifies-personclassifier,,,,SIT,PERSON (CLASSIFIER),,1,1
sit-colexifies-dwelllivereside,,,,SIT,"DWELL (LIVE, RESIDE)",,1,1
carryonback-colexifies-carrypersononback,,,,CARRY ON BACK,CARRY PERSON ON BACK,,1,1
carryonback-colexifies-givebirth,,,,CARRY ON BACK,GIVE BIRTH,,1,1
carryonback-colexifies-bring,,,,CARRY ON BACK,BRING,,1,1
carrypersononback-colexifies-pullupweeds,,,,CARRY PERSON ON BACK,PULL UP WEEDS,,2,1
carrypersononback-colexifies-feather,,,,CARRY PERSON ON BACK,FEATHER,,2,1
fall-colexifies-restorsleep,,,,FALL,REST OR SLEEP,,1,1
rest-colexifies-fragrant,,,,REST,FRAGRANT,,2,1
sleep-colexifies-givebirth,,,,SLEEP,GIVE BIRTH,,1,1
sleep-colexifies-red,,,,SLEEP,RED,,1,1
sleep-colexifies-swell,,,,SLEEP,SWELL,,1,1
sleep-colexifies-guess,,,,SLEEP,GUESS,,1,1
sleep-colexifies-millet,,,,SLEEP,MILLET,,1,1
sleep-colexifies-night,,,,SLEEP,NIGHT,,1,1
sleep-colexifies-cough,,,,SLEEP,COUGH,,1,1
sleep-colexifies-come,,,,SLEEP,COME,,1,1
wakeup-colexifies-stinking,,,,WAKE UP,STINKING,,1,1
inside-colexifies-tree,,,,INSIDE,TREE,,1,1
plough-colexifies-cutwithaxe,,,,PLOUGH,CUT (WITH AXE),,5,1
plough-colexifies-bird,,,,PLOUGH,BIRD,,3,1
cutwithaxe-colexifies-bird,,,,CUT (WITH AXE),BIRD,,4,1
plantsomething-colexifies-cooked,,,,PLANT (SOMETHING),COOKED,,1,1
plantsomething-colexifies-bug,,,,PLANT (SOMETHING),BUG,,1,1
cooked-colexifies-bug,,,,COOKED,BUG,,1,1
bug-colexifies-green,,,,BUG,GREEN,,1,1
cut-colexifies-slaughter,,,,CUT,SLAUGHTER,,1,1
pullupweeds-colexifies-feather,,,,PULL UP WEEDS,FEATHER,,7,1
pullupweeds-colexifies-full,,,,PULL UP WEEDS,FULL,,1,1
pullupweeds-colexifies-barking,,,,PULL UP WEEDS,BARKING,,2,1
pullupweeds-colexifies-sour,,,,PULL UP WEEDS,SOUR,,1,1
pullupweeds-colexifies-pileup,,,,PULL UP WEEDS,PILE UP,,1,1
feather-colexifies-full,,,,FEATHER,FULL,,1,1
feather-colexifies-pileup,,,,FEATHER,PILE UP,,1,1
moon-colexifies-month,,,,MOON,MONTH,,2,1
outside-colexifies-good,,,,OUTSIDE,GOOD,,1,1
outside-colexifies-lightradiation,,,,OUTSIDE,LIGHT (RADIATION),,1,1
buy-colexifies-bark,,,,BUY,BARK,,1,1
sticking-colexifies-bright,,,,STICKING,BRIGHT,,1,1
cooksomething-colexifies-early,,,,COOK (SOMETHING),EARLY,,1,1
cooksomething-colexifies-bury,,,,COOK (SOMETHING),BURY,,1,1
cooksomething-colexifies-plantvegetation,,,,COOK (SOMETHING),PLANT (VEGETATION),,1,1
cooksomething-colexifies-fry,,,,COOK (SOMETHING),FRY,,1,1
cooksomething-colexifies-river,,,,COOK (SOMETHING),RIVER,,1,1
fry-colexifies-smallpox,,,,FRY,SMALLPOX,,1,1
fry-colexifies-roastsomething,,,,FRY,ROAST (SOMETHING),,2,1
soakverb-colexifies-tree,,,,SOAK (VERB),TREE,,1,1
chopintopieces-colexifies-growup,,,,CHOP (INTO PIECES),GROW UP,,1,1
chopintopieces-colexifies-big,,,,CHOP (INTO PIECES),BIG,,1,1
growup-colexifies-big,,,,GROW UP,BIG,,2,1
big-colexifies-self,,,,BIG,SELF,,1,1
grind-colexifies-sharp,,,,GRIND,SHARP,,1,1
grind-colexifies-sharpensomething,,,,GRIND,SHARPEN (SOMETHING),,1,1
grind-colexifies-vein,,,,GRIND,VEIN,,1,1
grind-colexifies-axe,,,,GRIND,AXE,,1,1
wear-colexifies-give,,,,WEAR,GIVE,,1,1
hangup-colexifies-three,,,,HANG UP,THREE,,1,1
wash-colexifies-small,,,,WASH,SMALL,,1,1
wash-colexifies-knowsomething,,,,WASH,KNOW (SOMETHING),,2,1
shave-colexifies-useverb,,,,SHAVE,USE (VERB),,1,1
shave-colexifies-cloud,,,,SHAVE,CLOUD,,1,1
shave-colexifies-shoulder,,,,SHAVE,SHOULDER,,1,1
shave-colexifies-bark,,,,SHAVE,BARK,,1,1
combverb-colexifies-sick,,,,COMB (VERB),SICK,,1,1
combverb-colexifies-painful,,,,COMB (VERB),PAINFUL,,3,1
combverb-colexifies-laugh,,,,COMB (VERB),LAUGH,,1,1
pileup-colexifies-far,,,,PILE UP,FAR,,1,1
pileup-colexifies-breakcleave,,,,PILE UP,BREAK (CLEAVE),,1,1
lightignite-colexifies-steal,,,,LIGHT (IGNITE),STEAL,,1,1
get-colexifies-termite,,,,GET,TERMITE,,1,1
get-colexifies-hyena,,,,GET,HYENA,,1,1
lookfor-colexifies-sharp,,,,LOOK FOR,SHARP,,1,1
lookfor-colexifies-bush,,,,LOOK FOR,BUSH,,1,1
lookfor-colexifies-hunt,,,,LOOK FOR,HUNT,,1,1
useverb-colexifies-cloud,,,,USE (VERB),CLOUD,,1,1
play-colexifies-stinking,,,,PLAY,STINKING,,1,1
askinquire-colexifies-barking,,,,ASK (INQUIRE),BARKING,,1,1
askinquire-colexifies-eight,,,,ASK (INQUIRE),EIGHT,,1,1
pursue-colexifies-leech,,,,PURSUE,LEECH,,1,1
pursue-colexifies-dropclassifier,,,,PURSUE,DROP (CLASSIFIER),,1,1
steal-colexifies-forget,,,,STEAL,FORGET,,2,1
steal-colexifies-sugarcane,,,,STEAL,SUGAR CANE,,1,1
steal-colexifies-husband,,,,STEAL,HUSBAND,,1,1
hate-colexifies-dark,,,,HATE,DARK,,1,1
hate-colexifies-black,,,,HATE,BLACK,,1,1
fearbeafraid-colexifies-bewitch,,,,FEAR (BE AFRAID),BEWITCH,,1,1
fearbeafraid-colexifies-endure,,,,FEAR (BE AFRAID),ENDURE,,1,1
laugh-colexifies-kill,,,,LAUGH,KILL,,1,1
cry-colexifies-childyounghuman,,,,CRY,CHILD (YOUNG HUMAN),,1,1
cry-colexifies-tree,,,,CRY,TREE,,1,1
cry-colexifies-sour,,,,CRY,SOUR,,1,1
knowsomething-colexifies-beable,,,,KNOW (SOMETHING),BE ABLE,,1,1
forget-colexifies-lightradiation,,,,FORGET,LIGHT (RADIATION),,1,1
forget-colexifies-makedry,,,,FORGET,MAKE DRY,,1,1
forget-colexifies-spreadout,,,,FORGET,SPREAD OUT,,1,1
forget-colexifies-husband,,,,FORGET,HUSBAND,,1,1
thinkreflect-colexifies-thinkbelieve,,,,THINK (REFLECT),THINK (BELIEVE),,9,1
beable-colexifies-bitter,,,,BE ABLE,BITTER,,1,1
beable-colexifies-salty,,,,BE ABLE,SALTY,,1,1
be-colexifies-goupascend,,,,BE,GO UP (ASCEND),,1,1
come-colexifies-hunger,,,,COME,HUNGER,,1,1
come-colexifies-good,,,,COME,GOOD,,1,1
come-colexifies-dog,,,,COME,DOG,,1,1
comeback-colexifies-speak,,,,COME BACK,SPEAK,,1,1
goupascend-colexifies-early,,,,GO UP (ASCEND),EARLY,,1,1
day24hours-colexifies-enter,,,,DAY (24 HOURS),ENTER,,1,1
enter-colexifies-path,,,,ENTER,PATH,,1,1
breakcleave-colexifies-breakbreaking,,,,BREAK (CLEAVE),BREAK (BREAKING),,19,2
breakcleave-colexifies-again,,,,BREAK (CLEAVE),AGAIN,,1,1
breakcleave-colexifies-maize,,,,BREAK (CLEAVE),MAIZE,,1,1
breakbreaking-colexifies-maize,,,,BREAK (BREAKING),MAIZE,,1,1
marry-colexifies-run,,,,MARRY,RUN,,1,1
sick-colexifies-painful,,,,SICK,PAINFUL,,2,1
swell-colexifies-lightweight,,,,SWELL,LIGHT (WEIGHT),,2,1
swell-colexifies-corpse,,,,SWELL,CORPSE,,1,1
die-colexifies-four,,,,DIE,FOUR,,1,1
die-colexifies-louse,,,,DIE,LOUSE,,1,1
die-colexifies-first,,,,DIE,FIRST,,1,1
die-colexifies-sugarcane,,,,DIE,SUGAR CANE,,1,1
die-colexifies-rotten,,,,DIE,ROTTEN,,1,1
barking-colexifies-eight,,,,BARKING,EIGHT,,1,1
barking-colexifies-crowverb,,,,BARKING,CROW (VERB),,1,1
barking-colexifies-bright,,,,BARKING,BRIGHT,,1,1
crowverb-colexifies-bright,,,,CROW (VERB),BRIGHT,,5,1
crowverb-colexifies-cold,,,,CROW (VERB),COLD,,1,1
bright-colexifies-white,,,,BRIGHT,WHITE,,1,1
sproutverb-colexifies-fatobese,,,,SPROUT (VERB),FAT (OBESE),,1,1
small-colexifies-egg,,,,SMALL,EGG,,1,1
small-colexifies-few,,,,SMALL,FEW,,4,1
yesterday-colexifies-tomorrow,,,,YESTERDAY,TOMORROW,,2,1
short-colexifies-near,,,,SHORT,NEAR,,1,1
short-colexifies-hill,,,,SHORT,HILL,,1,1
thick-colexifies-oldused,,,,THICK,OLD (USED),,1,1
near-colexifies-pairclassifier,,,,NEAR,PAIR (CLASSIFIER),,4,1
many-colexifies-bear,,,,MANY,BEAR,,2,1
few-colexifies-seven,,,,FEW,SEVEN,,1,1
star-colexifies-spider,,,,STAR,SPIDER,,1,1
dark-colexifies-black,,,,DARK,BLACK,,5,1
red-colexifies-ripen,,,,RED,RIPEN,,1,1
red-colexifies-all,,,,RED,ALL,,1,1
yellow-colexifies-cow,,,,YELLOW,COW,,1,1
yellow-colexifies-green,,,,YELLOW,GREEN,,1,1
tomorrow-colexifies-askrequest,,,,TOMORROW,ASK (REQUEST),,1,1
black-colexifies-jealousy,,,,BLACK,JEALOUSY,,1,1
black-colexifies-fish,,,,BLACK,FISH,,1,1
full-colexifies-bark,,,,FULL,BARK,,1,1
full-colexifies-increase,,,,FULL,INCREASE,,1,1
fatobese-colexifies-river,,,,FAT (OBESE),RIVER,,1,1
fatobese-colexifies-oilorganicsubstance,,,,FAT (OBESE),OIL (ORGANIC SUBSTANCE),,2,1
fatobese-colexifies-who,,,,FAT (OBESE),WHO,,1,1
oldused-colexifies-two,,,,OLD (USED),TWO,,1,1
bad-colexifies-become,,,,BAD,BECOME,,1,1
bad-colexifies-excreta,,,,BAD,EXCRETA,,1,1
slow-colexifies-same,,,,SLOW,SAME,,1,1
wet-colexifies-rotten,,,,WET,ROTTEN,,1,1
hot-colexifies-warm,,,,HOT,WARM,,4,1
bitter-colexifies-salty,,,,BITTER,SALTY,,1,1
bitter-colexifies-itchcauseitchingorfeelitchy,,,,BITTER,ITCH (CAUSE ITCHING OR FEEL ITCHY),,1,1
bitter-colexifies-bladder,,,,BITTER,BLADDER,,1,1
bitter-colexifies-boat,,,,BITTER,BOAT,,1,1
stinking-colexifies-rotten,,,,STINKING,ROTTEN,,1,1
two-colexifies-hunter,,,,TWO,HUNTER,,1,1
four-colexifies-louse,,,,FOUR,LOUSE,,8,1
louse-colexifies-bellyorstomach,,,,LOUSE,BELLY OR STOMACH,,1,1
five-colexifies-fish,,,,FIVE,FISH,,2,1
nine-colexifies-moveaway,,,,NINE,MOVE AWAY,,1,1
nine-colexifies-animal,,,,NINE,ANIMAL,,1,1
personclassifier-colexifies-chickenclassifier,,,,PERSON (CLASSIFIER),CHICKEN (CLASSIFIER),,1,1
personclassifier-colexifies-axeclassifier,,,,PERSON (CLASSIFIER),AXE (CLASSIFIER),,1,1
chickenclassifier-colexifies-first,,,,CHICKEN (CLASSIFIER),FIRST,,4,1
chickenclassifier-colexifies-axeclassifier,,,,CHICKEN (CLASSIFIER),AXE (CLASSIFIER),,1,1
first-colexifies-this,,,,FIRST,THIS,,1,1
i-colexifies-weinclusive,,,,I,WE (INCLUSIVE),,1,1
i-colexifies-weexclusive,,,,I,WE (EXCLUSIVE),,1,1
weinclusive-colexifies-weexclusive,,,,WE (INCLUSIVE),WE (EXCLUSIVE),,23,2
thou-colexifies-this,,,,THOU,THIS,,2,1
thou-colexifies-spot,,,,THOU,SPOT,,1,1
thou-colexifies-thouhonorific,,,,THOU,THOU (HONORIFIC),,5,1
you-colexifies-that,,,,YOU,THAT,,6,1
you-colexifies-youhonorific,,,,YOU,YOU (HONORIFIC),,4,1
that-colexifies-hisorher,,,,THAT,HIS OR HER,,1,1
he-colexifies-she,,,,HE,SHE,,10,1
he-colexifies-it,,,,HE,IT,,9,1
she-colexifies-it,,,,SHE,IT,,9,1
who-colexifies-oilorganicsubstance,,,,WHO,OIL (ORGANIC SUBSTANCE),,1,1
sheep-colexifies-fowl,,,,SHEEP,FOWL,,1,1
howmanypieces-colexifies-howmuch,,,,HOW MANY PIECES,HOW MUCH,,22,2
all-colexifies-dig,,,,ALL,DIG,,1,1
cloud-colexifies-dust,,,,CLOUD,DUST,,1,1
wind-colexifies-bedbug,,,,WIND,BEDBUG,,1,1
wind-colexifies-termite,,,,WIND,TERMITE,,1,1
bee-colexifies-honey,,,,BEE,HONEY,,1,1
locust-colexifies-eyebrow,,,,LOCUST,EYEBROW,,1,1
flyinsect-colexifies-egg,,,,FLY (INSECT),EGG,,1,1
flyinsect-colexifies-mosquito,,,,FLY (INSECT),MOSQUITO,,1,1
wing-colexifies-roastsomething,,,,WING,ROAST (SOMETHING),,1,1
tail-colexifies-transit,,,,TAIL,TRANSIT,,1,1
tree-colexifies-forest,,,,TREE,FOREST,,1,1
tree-colexifies-stick,,,,TREE,STICK,,1,1
spirit-colexifies-extinguish,,,,SPIRIT,EXTINGUISH,,1,1
spirit-colexifies-kill,,,,SPIRIT,KILL,,1,1
spirit-colexifies-god,,,,SPIRIT,GOD,,1,1
extinguish-colexifies-kill,,,,EXTINGUISH,KILL,,1,1
extinguish-colexifies-well,,,,EXTINGUISH,WELL,,1,1
kill-colexifies-wipe,,,,KILL,WIPE,,1,1
anthill-colexifies-leg,,,,ANTHILL,LEG,,3,1
anthill-colexifies-hill,,,,ANTHILL,HILL,,1,1
armpit-colexifies-boundary,,,,ARMPIT,BOUNDARY,,1,1
arrow-colexifies-bow,,,,ARROW,BOW,,1,1
ash-colexifies-bellyorstomach,,,,ASH,BELLY OR STOMACH,,1,1
ash-colexifies-dust,,,,ASH,DUST,,1,1
back-colexifies-clan,,,,BACK,CLAN,,1,1
spine-colexifies-jealousy,,,,SPINE,JEALOUSY,,1,1
banana-colexifies-bananatree,,,,BANANA,BANANA TREE,,3,1
bananatree-colexifies-bush,,,,BANANA TREE,BUSH,,1,1
bananatree-colexifies-daynotnight,,,,BANANA TREE,DAY (NOT NIGHT),,1,1
bananatree-colexifies-forest,,,,BANANA TREE,FOREST,,1,1
bananatree-colexifies-night,,,,BANANA TREE,NIGHT,,1,1
lame-colexifies-destroy,,,,LAME,DESTROY,,1,1
become-colexifies-dwelllivereside,,,,BECOME,"DWELL (LIVE, RESIDE)",,2,1
become-colexifies-husband,,,,BECOME,HUSBAND,,1,1
burning-colexifies-burnsomething,,,,BURNING,BURN (SOMETHING),,15,2
burning-colexifies-roastsomething,,,,BURNING,ROAST (SOMETHING),,2,1
burning-colexifies-count,,,,BURNING,COUNT,,1,1
burning-colexifies-palmtree,,,,BURNING,PALM TREE,,1,1
burning-colexifies-path,,,,BURNING,PATH,,1,1
dryup-colexifies-charcoal,,,,DRY UP,CHARCOAL,,1,1
bellyorstomach-colexifies-overcome,,,,BELLY OR STOMACH,OVERCOME,,1,1
beloworunder-colexifies-smokeexhaust,,,,BELOW OR UNDER,SMOKE (EXHAUST),,1,1
bile-colexifies-brain,,,,BILE,BRAIN,,1,1
jealousy-colexifies-chest,,,,JEALOUSY,CHEST,,1,1
bow-colexifies-war,,,,BOW,WAR,,2,1
bow-colexifies-forest,,,,BOW,FOREST,,1,1
milk-colexifies-suck,,,,MILK,SUCK,,1,1
raisebringup-colexifies-pregnant,,,,RAISE (BRING UP),PREGNANT,,1,1
build-colexifies-dwelllivereside,,,,BUILD,"DWELL (LIVE, RESIDE)",,1,1
build-colexifies-sew,,,,BUILD,SEW,,1,1
millet-colexifies-night,,,,MILLET,NIGHT,,1,1
burnsomething-colexifies-roastsomething,,,,BURN (SOMETHING),ROAST (SOMETHING),,2,1
burnsomething-colexifies-path,,,,BURN (SOMETHING),PATH,,1,1
bury-colexifies-plantvegetation,,,,BURY,PLANT (VEGETATION),,2,1
bush-colexifies-daynotnight,,,,BUSH,DAY (NOT NIGHT),,1,1
bush-colexifies-forest,,,,BUSH,FOREST,,1,1
bush-colexifies-night,,,,BUSH,NIGHT,,1,1
calfofleg-colexifies-shin,,,,CALF OF LEG,SHIN,,1,1
calfofleg-colexifies-leg,,,,CALF OF LEG,LEG,,1,1
calfofleg-colexifies-river,,,,CALF OF LEG,RIVER,,1,1
cease-colexifies-finish,,,,CEASE,FINISH,,2,1
dispel-colexifies-hunt,,,,DISPEL,HUNT,,1,1
chest-colexifies-rooster,,,,CHEST,ROOSTER,,1,1
chin-colexifies-jaw,,,,CHIN,JAW,,1,1
finish-colexifies-vein,,,,FINISH,VEIN,,1,1
pot-colexifies-shitdefecate,,,,POT,SHIT (DEFECATE),,1,1
pot-colexifies-hole,,,,POT,HOLE,,1,1
corpse-colexifies-sing,,,,CORPSE,SING,,1,1
sing-colexifies-dig,,,,SING,DIG,,1,1
sing-colexifies-rat,,,,SING,RAT,,1,1
count-colexifies-country,,,,COUNT,COUNTRY,,1,1
count-colexifies-palmtree,,,,COUNT,PALM TREE,,1,1
country-colexifies-sand,,,,COUNTRY,SAND,,1,1
cultivate-colexifies-dig,,,,CULTIVATE,DIG,,1,1
daynotnight-colexifies-forest,,,,DAY (NOT NIGHT),FOREST,,1,1
daynotnight-colexifies-night,,,,DAY (NOT NIGHT),NIGHT,,1,1
shitdefecate-colexifies-hole,,,,SHIT (DEFECATE),HOLE,,1,1
dig-colexifies-goat,,,,DIG,GOAT,,1,1
eyebrow-colexifies-smokeexhaust,,,,EYEBROW,SMOKE (EXHAUST),,1,1
flymovethroughair-colexifies-split,,,,FLY (MOVE THROUGH AIR),SPLIT,,1,1
flymovethroughair-colexifies-swear,,,,FLY (MOVE THROUGH AIR),SWEAR,,1,1
follow-colexifies-plantvegetation,,,,FOLLOW,PLANT (VEGETATION),,1,1
follow-colexifies-upperlegthigh,,,,FOLLOW,UPPER LEG (THIGH),,1,1
forest-colexifies-night,,,,FOREST,NIGHT,,1,1
fowl-colexifies-rooster,,,,FOWL,ROOSTER,,2,1
fowl-colexifies-skin,,,,FOWL,SKIN,,1,1
gather-colexifies-mow,,,,GATHER,MOW,,2,1
holdortake-colexifies-seize,,,,HOLD OR TAKE,SEIZE,,1,1
holdortake-colexifies-desire,,,,HOLD OR TAKE,DESIRE,,1,1
hear-colexifies-tastesomething,,,,HEAR,TASTE (SOMETHING),,1,1
husband-colexifies-rooster,,,,HUSBAND,ROOSTER,,1,1
leg-colexifies-hill,,,,LEG,HILL,,1,1
leg-colexifies-string,,,,LEG,STRING,,1,1
shamanfolkhealer-colexifies-sorcerer,,,,SHAMAN (FOLK HEALER),SORCERER,,1,1
napeofneck-colexifies-voice,,,,NAPE (OF NECK),VOICE,,1,1
night-colexifies-behungry,,,,NIGHT,BE HUNGRY,,1,1
overcome-colexifies-surpass,,,,OVERCOME,SURPASS,,2,1
path-colexifies-vein,,,,PATH,VEIN,,1,1
path-colexifies-garlic,,,,PATH,GARLIC,,2,1
plantvegetation-colexifies-upperlegthigh,,,,PLANT (VEGETATION),UPPER LEG (THIGH),,1,1
plantvegetation-colexifies-stick,,,,PLANT (VEGETATION),STICK,,1,1
pour-colexifies-piss,,,,POUR,PISS,,1,1
rooster-colexifies-skin,,,,ROOSTER,SKIN,,1,1
say-colexifies-speak,,,,SAY,SPEAK,,4,1
makedry-colexifies-spreadout,,,,MAKE DRY,SPREAD OUT,,2,1
sharpensomething-colexifies-vein,,,,SHARPEN (SOMETHING),VEIN,,1,1
smokeexhaust-colexifies-voice,,,,SMOKE (EXHAUST),VOICE,,1,1
soot-colexifies-springofwater,,,,SOOT,SPRING (OF WATER),,1,1
springofwater-colexifies-well,,,,SPRING (OF WATER),WELL,,2,1
tastesomething-colexifies-try,,,,TASTE (SOMETHING),TRY,,1,1
tie-colexifies-vein,,,,TIE,VEIN,,1,1
cabbage-colexifies-cauliflower,,,,CABBAGE,CAULIFLOWER,,1,1
olderbrotherofman-colexifies-olderbrotherofwoman,,,,OLDER BROTHER (OF MAN),OLDER BROTHER (OF WOMAN),,5,1
oldersisterofman-colexifies-oldersisterofwoman,,,,OLDER SISTER (OF MAN),OLDER SISTER (OF WOMAN),,5,1
narrow-colexifies-shallow,,,,NARROW,SHALLOW,,1,1
youngerbrotherofwoman-colexifies-youngerbrotherofman,,,,YOUNGER BROTHER (OF WOMAN),YOUNGER BROTHER (OF MAN),,5,1
youngersisterofman-colexifies-youngersisterofwoman,,,,YOUNGER SISTER (OF MAN),YOUNGER SISTER (OF WOMAN),,5,1
